date,provider,gpu_type,cost_usd,team_id
2024-01-01,AWS,A100,1245.67,00000000-0000-0000-0000-000000000000
2024-01-01,AWS,H100,2189.45,00000000-0000-0000-0000-000000000000
2024-01-01,GCP,A100,1150.00,00000000-0000-0000-0000-000000000000
2024-01-02,AWS,A100,1198.32,00000000-0000-0000-0000-000000000000
2024-01-02,AWS,H100,2345.78,00000000-0000-0000-0000-000000000000
2024-01-02,GCP,A100,1120.50,00000000-0000-0000-0000-000000000000
2024-01-03,AWS,A100,1302.15,00000000-0000-0000-0000-000000000000
2024-01-03,AWS,H100,2456.90,00000000-0000-0000-0000-000000000000
2024-01-03,GCP,A100,1180.75,00000000-0000-0000-0000-000000000000
